entry_bar,exit_bar,ts,entry,sl,tp,gross_r,fee_r,net_r,reason
663,755,2024-06-17 17:55:00+00:00,66579.2,65019.22,69699.17,-1.0,0.0512,-1.0512,SL
1530,1603,2024-06-20 18:10:00+00:00,64971.6,64611.32,65692.15,-1.0,0.2164,-1.2164,SL
2285,2296,2024-06-23 09:05:00+00:00,64389.9,64290.94,64587.81,-1.0,0.7808,-1.7808,SL
4199,4219,2024-06-30 00:35:00+00:00,61019.5,60823.92,61410.67,-1.0,0.3744,-1.3744,SL
4773,4851,2024-07-02 00:25:00+00:00,62943.9,62716.22,63399.26,-1.0,0.3318,-1.3318,SL
6753,6860,2024-07-08 21:25:00+00:00,56589.7,56107.14,57554.83,2.0,0.1407,1.8593,TP
7198,7221,2024-07-10 10:30:00+00:00,58595.7,58251.69,59283.72,-1.0,0.2044,-1.2044,SL
7336,7379,2024-07-10 22:00:00+00:00,57539.2,57266.18,58085.25,2.0,0.2529,1.7471,TP
7656,7661,2024-07-12 00:40:00+00:00,57553.9,57069.57,58522.55,-1.0,0.1426,-1.1426,SL
8400,8470,2024-07-14 14:40:00+00:00,59735.0,59493.65,60217.71,2.0,0.297,1.703,TP
8708,8777,2024-07-15 16:20:00+00:00,63164.9,62757.18,63980.34,2.0,0.1859,1.8141,TP
8936,8968,2024-07-16 11:20:00+00:00,63650.2,63037.6,64875.4,-1.0,0.1247,-1.1247,SL
9190,9220,2024-07-17 08:30:00+00:00,65385.0,64943.29,66268.42,-1.0,0.1776,-1.1776,SL
10412,10453,2024-07-21 14:20:00+00:00,67102.6,66590.84,68126.12,-1.0,0.1573,-1.1573,SL
10474,10536,2024-07-21 19:30:00+00:00,67434.9,66961.97,68380.76,2.0,0.1711,1.8289,TP
10917,10977,2024-07-23 08:25:00+00:00,66729.0,66163.77,67859.46,-1.0,0.1417,-1.1417,SL
11937,12124,2024-07-26 21:25:00+00:00,67900.8,67592.44,68517.52,2.0,0.2642,1.7358,TP
12229,12256,2024-07-27 21:45:00+00:00,68728.4,67438.39,71308.41,-1.0,0.0639,-1.0639,SL
12546,12700,2024-07-29 00:10:00+00:00,68589.8,67874.26,70020.88,2.0,0.115,1.885,TP
13272,13283,2024-07-31 12:40:00+00:00,66180.2,65890.54,66759.51,2.0,0.2742,1.7258,TP
13803,13845,2024-08-02 08:55:00+00:00,64561.6,64050.98,65582.83,-1.0,0.1517,-1.1517,SL
13851,13870,2024-08-02 12:55:00+00:00,64822.1,64249.59,65967.13,-1.0,0.1359,-1.1359,SL
15382,15403,2024-08-07 20:30:00+00:00,55140.7,54596.05,56230.0,-1.0,0.1215,-1.1215,SL
15448,15697,2024-08-08 02:00:00+00:00,57136.0,54815.43,61777.14,2.0,0.0295,1.9705,TP
15914,15930,2024-08-09 16:50:00+00:00,60302.2,59913.33,61079.95,-1.0,0.1861,-1.1861,SL
15942,15954,2024-08-09 19:10:00+00:00,60397.6,60120.12,60952.56,2.0,0.2612,1.7388,TP
16289,16399,2024-08-11 00:05:00+00:00,61090.0,60795.34,61679.31,2.0,0.2488,1.7512,TP
16453,16467,2024-08-11 13:45:00+00:00,60544.1,60074.17,61483.97,-1.0,0.1546,-1.1546,SL
17159,17291,2024-08-14 00:35:00+00:00,60684.0,60339.7,61372.6,2.0,0.2115,1.7885,TP
19528,19617,2024-08-22 06:00:00+00:00,60843.9,60556.28,61419.13,-1.0,0.2539,-1.2539,SL
20381,20405,2024-08-25 05:05:00+00:00,64148.8,63899.84,64646.73,-1.0,0.3092,-1.3092,SL
20452,20575,2024-08-25 11:00:00+00:00,63950.1,63695.94,64458.42,2.0,0.3019,1.6981,TP
20657,20689,2024-08-26 04:05:00+00:00,64139.9,63665.67,65088.36,-1.0,0.1623,-1.1623,SL
20732,20759,2024-08-26 10:20:00+00:00,63932.5,63516.42,64764.66,-1.0,0.1844,-1.1844,SL
21840,21909,2024-08-30 06:40:00+00:00,59255.8,58927.11,59913.17,2.0,0.2163,1.7837,TP
21912,21924,2024-08-30 12:40:00+00:00,59653.5,59279.46,60401.58,-1.0,0.1914,-1.1914,SL
21928,21930,2024-08-30 14:00:00+00:00,59740.1,59219.42,60781.46,-1.0,0.1377,-1.1377,SL
23062,23073,2024-09-03 12:30:00+00:00,59266.3,58855.79,60087.33,-1.0,0.1732,-1.1732,SL
23578,23589,2024-09-05 07:30:00+00:00,57199.9,57012.93,57573.84,-1.0,0.3671,-1.3671,SL
23651,23667,2024-09-05 13:35:00+00:00,57029.3,56323.22,58441.46,-1.0,0.0969,-1.0969,SL
24991,25074,2024-09-10 05:15:00+00:00,56738.1,56423.42,57367.46,2.0,0.2164,1.7836,TP
25114,25119,2024-09-10 15:30:00+00:00,57008.4,56543.4,57938.4,-1.0,0.1471,-1.1471,SL
25859,25870,2024-09-13 05:35:00+00:00,57949.0,57743.0,58361.0,-1.0,0.3376,-1.3376,SL
26342,26493,2024-09-14 21:50:00+00:00,60028.2,59867.07,60350.45,-1.0,0.4471,-1.4471,SL
27922,27964,2024-09-20 09:30:00+00:00,63468.2,63178.06,64048.48,-1.0,0.2625,-1.2625,SL
27980,28024,2024-09-20 14:20:00+00:00,63190.1,62503.43,64563.43,-1.0,0.1104,-1.1104,SL
28369,28380,2024-09-21 22:45:00+00:00,63143.3,62970.87,63488.17,2.0,0.4394,1.5606,TP
28481,28492,2024-09-22 08:05:00+00:00,62963.0,62797.24,63294.52,-1.0,0.4558,-1.4558,SL
28522,28552,2024-09-22 11:30:00+00:00,62728.4,62462.47,63260.25,-1.0,0.2831,-1.2831,SL
28584,28647,2024-09-22 16:40:00+00:00,62781.6,62467.87,63409.06,-1.0,0.2401,-1.2401,SL
29415,29456,2024-09-25 13:55:00+00:00,63741.6,63182.45,64859.89,-1.0,0.1368,-1.1368,SL
29974,29995,2024-09-27 12:30:00+00:00,65598.5,65218.72,66358.07,2.0,0.2073,1.7927,TP
30090,30208,2024-09-27 22:10:00+00:00,65876.6,65646.79,66336.23,-1.0,0.344,-1.344,SL
32782,32814,2024-10-07 06:30:00+00:00,63609.2,63269.77,64288.07,-1.0,0.2249,-1.2249,SL
35158,35173,2024-10-15 12:30:00+00:00,65794.3,65188.75,67005.41,2.0,0.1304,1.8696,TP
35227,35258,2024-10-15 18:15:00+00:00,67298.6,66383.35,69129.1,-1.0,0.0882,-1.0882,SL
35593,35601,2024-10-17 00:45:00+00:00,67799.8,67486.65,68426.11,-1.0,0.2598,-1.2598,SL
35690,35701,2024-10-17 08:50:00+00:00,67450.0,67247.19,67855.63,-1.0,0.3991,-1.3991,SL
35749,35752,2024-10-17 13:45:00+00:00,67240.0,66697.04,68325.93,-1.0,0.1486,-1.1486,SL
36619,36886,2024-10-20 14:15:00+00:00,68731.4,68109.32,69975.55,-1.0,0.1326,-1.1326,SL
37928,37939,2024-10-25 03:20:00+00:00,68209.6,67735.1,69158.61,-1.0,0.1725,-1.1725,SL
38054,38077,2024-10-25 13:50:00+00:00,68166.0,67682.25,69133.5,-1.0,0.1691,-1.1691,SL
38486,38620,2024-10-27 01:50:00+00:00,67107.2,66882.75,67556.1,2.0,0.3588,1.6412,TP
38821,38837,2024-10-28 05:45:00+00:00,67799.3,67548.88,68300.13,2.0,0.3249,1.6751,TP
39497,39781,2024-10-30 14:05:00+00:00,72205.9,71383.64,73850.41,-1.0,0.1054,-1.1054,SL
40958,40966,2024-11-04 15:50:00+00:00,68732.8,68162.17,69874.06,-1.0,0.1445,-1.1445,SL
41783,41795,2024-11-07 12:35:00+00:00,75040.8,74686.84,75748.72,-1.0,0.2544,-1.2544,SL
41814,42142,2024-11-07 15:10:00+00:00,75267.7,74447.58,76907.94,2.0,0.1101,1.8899,TP
42243,42402,2024-11-09 02:55:00+00:00,76440.0,76073.85,77172.3,-1.0,0.2505,-1.2505,SL
43309,43414,2024-11-12 19:45:00+00:00,89037.1,86840.27,93430.75,-1.0,0.0486,-1.0486,SL
43639,43731,2024-11-13 23:15:00+00:00,90000.0,89192.12,91615.76,-1.0,0.1337,-1.1337,SL
43741,43824,2024-11-14 07:45:00+00:00,90442.8,89374.84,92578.73,-1.0,0.1016,-1.1016,SL
45043,45298,2024-11-18 20:15:00+00:00,91008.8,89862.25,93301.9,2.0,0.0953,1.9047,TP
45421,45481,2024-11-20 03:45:00+00:00,92124.9,91493.81,93387.07,2.0,0.1752,1.8248,TP
46135,46484,2024-11-22 15:15:00+00:00,98259.6,97203.7,100371.4,-1.0,0.1117,-1.1117,SL
46488,46676,2024-11-23 20:40:00+00:00,97764.1,97121.18,99049.94,-1.0,0.1825,-1.1825,SL
49582,49587,2024-12-04 14:30:00+00:00,96326.7,95584.42,97811.26,-1.0,0.1557,-1.1557,SL
49626,49651,2024-12-04 18:10:00+00:00,95990.1,94543.36,98883.58,2.0,0.0796,1.9204,TP
50640,50662,2024-12-08 06:40:00+00:00,99873.8,99320.58,100980.24,-1.0,0.2166,-1.2166,SL
50683,50839,2024-12-08 10:15:00+00:00,99410.8,98738.16,100756.07,2.0,0.1774,1.8226,TP
51454,51598,2024-12-11 02:30:00+00:00,96777.7,95707.3,98918.51,2.0,0.1085,1.8915,TP
51813,51845,2024-12-12 08:25:00+00:00,100875.3,100384.12,101857.67,-1.0,0.2464,-1.2464,SL
51860,51900,2024-12-12 12:20:00+00:00,100767.1,100221.88,101857.54,2.0,0.2218,1.7782,TP
52522,52537,2024-12-14 19:30:00+00:00,101317.9,100750.35,102453.0,-1.0,0.2142,-1.2142,SL
52780,52855,2024-12-15 17:00:00+00:00,103012.1,102463.53,104109.23,2.0,0.2253,1.7747,TP
53033,53044,2024-12-16 14:05:00+00:00,104159.3,103201.0,106075.91,2.0,0.1304,1.8696,TP
53151,53252,2024-12-16 23:55:00+00:00,106094.2,105477.82,107326.97,2.0,0.2065,1.7935,TP
54475,54565,2024-12-21 14:15:00+00:00,97664.7,96605.5,99783.1,-1.0,0.1106,-1.1106,SL
56658,56758,2024-12-29 04:10:00+00:00,95176.9,94849.16,95832.39,-1.0,0.3485,-1.3485,SL
58074,58108,2025-01-03 02:10:00+00:00,97066.0,96615.29,97967.42,-1.0,0.2584,-1.2584,SL
59055,59088,2025-01-06 11:55:00+00:00,99238.8,98601.3,100513.8,2.0,0.1868,1.8132,TP
60419,60754,2025-01-11 05:35:00+00:00,94266.5,93876.13,95047.24,-1.0,0.2898,-1.2898,SL
60775,60808,2025-01-12 11:15:00+00:00,94226.5,93965.94,94747.62,2.0,0.434,1.566,TP
60979,61006,2025-01-13 04:15:00+00:00,94622.0,93832.27,96201.45,-1.0,0.1438,-1.1438,SL
63271,63454,2025-01-21 03:15:00+00:00,102917.3,100767.63,107216.64,2.0,0.0575,1.9425,TP
64431,64454,2025-01-25 03:55:00+00:00,105146.5,104308.69,106822.13,-1.0,0.1506,-1.1506,SL
64513,64947,2025-01-25 10:45:00+00:00,104547.9,103976.42,105690.86,-1.0,0.2195,-1.2195,SL
65486,65490,2025-01-28 19:50:00+00:00,102482.5,102097.8,103251.9,-1.0,0.3197,-1.3197,SL
65663,65691,2025-01-29 10:35:00+00:00,102627.2,102133.76,103614.07,-1.0,0.2496,-1.2496,SL
66047,66112,2025-01-30 18:35:00+00:00,105340.8,104606.29,106809.82,-1.0,0.1721,-1.1721,SL
69261,69350,2025-02-10 22:25:00+00:00,97456.0,97007.5,98353.01,2.0,0.2607,1.7393,TP
70254,70289,2025-02-14 09:10:00+00:00,97015.5,96661.04,97724.42,-1.0,0.3284,-1.3284,SL
70319,70326,2025-02-14 14:35:00+00:00,97156.2,96363.34,98741.92,-1.0,0.147,-1.147,SL
70508,70513,2025-02-15 06:20:00+00:00,97601.1,97371.43,98060.44,-1.0,0.51,-1.51,SL
75821,75961,2025-03-05 17:05:00+00:00,89105.4,87500.41,92315.38,2.0,0.0666,1.9334,TP
76089,76107,2025-03-06 15:25:00+00:00,90844.7,89060.85,94412.4,-1.0,0.0611,-1.0611,SL
77722,77727,2025-03-12 07:30:00+00:00,81766.9,81345.17,82610.35,2.0,0.2327,1.7673,TP
77729,77811,2025-03-12 08:05:00+00:00,82557.5,81345.17,84982.15,-1.0,0.0817,-1.0817,SL
80037,80057,2025-03-20 08:25:00+00:00,85907.5,85590.12,86542.25,-1.0,0.3248,-1.3248,SL
80172,80315,2025-03-20 19:40:00+00:00,84319.0,83791.12,85374.75,-1.0,0.1917,-1.1917,SL
81487,81537,2025-03-25 09:15:00+00:00,86778.2,86312.0,87710.6,2.0,0.2234,1.7766,TP
83418,83488,2025-04-01 02:10:00+00:00,82807.1,82415.6,83590.1,2.0,0.2538,1.7462,TP
83833,83841,2025-04-02 12:45:00+00:00,84768.6,84510.9,85283.99,-1.0,0.3947,-1.3947,SL
87431,87521,2025-04-15 00:35:00+00:00,84793.9,84226.39,85928.92,2.0,0.1793,1.8207,TP
87884,87925,2025-04-16 14:20:00+00:00,84382.5,83693.22,85761.05,-1.0,0.1469,-1.1469,SL
88437,88459,2025-04-18 12:25:00+00:00,84622.0,84335.68,85194.64,-1.0,0.3547,-1.3547,SL
88484,88629,2025-04-18 16:20:00+00:00,84481.1,84165.75,85111.8,2.0,0.3215,1.6785,TP
88831,88944,2025-04-19 21:15:00+00:00,85301.5,84888.73,86127.05,-1.0,0.248,-1.248,SL
91433,91469,2025-04-28 22:05:00+00:00,94581.2,94197.51,95348.58,2.0,0.2958,1.7042,TP
91742,91907,2025-04-29 23:50:00+00:00,94246.6,93740.57,95258.67,-1.0,0.2235,-1.2235,SL
92664,92684,2025-05-03 04:40:00+00:00,96508.5,96158.15,97209.21,-1.0,0.3306,-1.3306,SL
92759,92890,2025-05-03 12:35:00+00:00,96065.8,95733.07,96731.26,-1.0,0.3465,-1.3465,SL
93514,93570,2025-05-06 03:30:00+00:00,94386.6,94085.82,94988.16,-1.0,0.3766,-1.3766,SL
94543,94902,2025-05-09 17:15:00+00:00,102967.0,102330.97,104239.07,2.0,0.1943,1.8057,TP
95011,95283,2025-05-11 08:15:00+00:00,103863.1,103227.67,105133.96,2.0,0.1961,1.8039,TP
97453,97665,2025-05-19 19:45:00+00:00,105432.8,104468.53,107361.35,-1.0,0.1312,-1.1312,SL
97956,97970,2025-05-21 13:40:00+00:00,107076.1,106286.31,108655.69,2.0,0.1627,1.8373,TP
98222,98441,2025-05-22 11:50:00+00:00,111038.9,110490.8,112135.1,-1.0,0.2431,-1.2431,SL
99819,99830,2025-05-28 00:55:00+00:00,109131.9,108551.54,110292.62,-1.0,0.2257,-1.2257,SL
100388,100392,2025-05-30 00:20:00+00:00,106052.9,105728.67,106701.37,-1.0,0.3925,-1.3925,SL
101067,101070,2025-06-01 08:55:00+00:00,104346.0,104069.13,104899.75,-1.0,0.4522,-1.4522,SL
101694,101697,2025-06-03 13:10:00+00:00,105352.9,105059.04,105940.63,-1.0,0.4302,-1.4302,SL
101707,101719,2025-06-03 14:15:00+00:00,105495.0,104866.93,106751.14,2.0,0.2016,1.7984,TP
101764,101781,2025-06-03 19:00:00+00:00,106012.4,105559.14,106918.93,-1.0,0.2807,-1.2807,SL
101808,101831,2025-06-03 22:40:00+00:00,105837.4,105108.49,107295.23,-1.0,0.1742,-1.1742,SL
101839,101966,2025-06-04 01:15:00+00:00,105499.9,105064.83,106370.04,-1.0,0.291,-1.291,SL
102003,102066,2025-06-04 14:55:00+00:00,104982.6,104572.62,105802.55,-1.0,0.3073,-1.3073,SL
103032,103085,2025-06-08 04:40:00+00:00,105525.3,105242.25,106091.4,-1.0,0.4474,-1.4474,SL
103106,103171,2025-06-08 10:50:00+00:00,105305.8,104819.78,106277.85,2.0,0.26,1.74,TP
103370,103385,2025-06-09 08:50:00+00:00,105858.0,105327.77,106918.47,2.0,0.2396,1.7604,TP
103664,103715,2025-06-10 09:20:00+00:00,109314.8,108925.96,110092.47,-1.0,0.3374,-1.3374,SL
103990,104053,2025-06-11 12:30:00+00:00,109724.0,109053.04,111065.92,-1.0,0.1962,-1.1962,SL
104094,104098,2025-06-11 21:10:00+00:00,109169.6,108392.7,110723.4,-1.0,0.1686,-1.1686,SL
104132,104133,2025-06-12 00:20:00+00:00,108700.1,108407.18,109285.93,-1.0,0.4453,-1.4453,SL
104860,104889,2025-06-14 13:00:00+00:00,105040.7,104734.66,105652.78,-1.0,0.4119,-1.4119,SL
104958,105344,2025-06-14 21:10:00+00:00,104980.9,104145.75,106651.2,2.0,0.1508,1.8492,TP
105605,105653,2025-06-17 03:05:00+00:00,107514.6,106652.54,109238.72,-1.0,0.1497,-1.1497,SL
109000,109137,2025-06-28 22:00:00+00:00,107300.1,107014.08,107872.14,2.0,0.4502,1.5498,TP
109280,109303,2025-06-29 21:20:00+00:00,107506.4,107135.56,108248.09,2.0,0.3479,1.6521,TP
109447,109480,2025-06-30 11:15:00+00:00,107752.0,107192.7,108870.6,-1.0,0.2312,-1.2312,SL
109504,109687,2025-06-30 16:00:00+00:00,107445.4,106570.32,109195.55,-1.0,0.1473,-1.1473,SL
109693,109711,2025-07-01 07:45:00+00:00,106955.4,106509.88,107846.43,-1.0,0.2881,-1.2881,SL
109769,109775,2025-07-01 14:05:00+00:00,106971.7,106138.76,108637.59,-1.0,0.1541,-1.1541,SL
110472,110474,2025-07-04 00:40:00+00:00,109603.7,109327.46,110156.17,-1.0,0.4761,-1.4761,SL
111125,111156,2025-07-06 07:05:00+00:00,108066.6,107824.37,108551.06,-1.0,0.5354,-1.5354,SL
111875,111941,2025-07-08 21:35:00+00:00,108793.2,108458.53,109462.53,-1.0,0.3901,-1.3901,SL
111958,112038,2025-07-09 04:30:00+00:00,108434.2,108155.14,108992.33,2.0,0.4663,1.5337,TP
112781,112920,2025-07-12 01:05:00+00:00,117616.1,117261.92,118324.46,-1.0,0.3985,-1.3985,SL
113591,113634,2025-07-14 20:35:00+00:00,120186.1,119553.63,121451.05,-1.0,0.228,-1.228,SL
113776,113783,2025-07-15 12:00:00+00:00,117221.6,116623.16,118418.48,-1.0,0.2351,-1.2351,SL
114262,114352,2025-07-17 04:30:00+00:00,118360.0,117807.07,119465.85,-1.0,0.2569,-1.2569,SL
115004,115013,2025-07-19 18:20:00+00:00,117979.0,117619.96,118697.08,-1.0,0.3943,-1.3943,SL
115020,115034,2025-07-19 19:40:00+00:00,118131.6,117711.97,118970.86,-1.0,0.3378,-1.3378,SL
115085,115243,2025-07-20 01:05:00+00:00,118017.3,117596.99,118857.93,2.0,0.3369,1.6631,TP
116061,116094,2025-07-23 10:25:00+00:00,118285.2,117741.04,119373.52,-1.0,0.2608,-1.2608,SL
116115,116308,2025-07-23 14:55:00+00:00,118218.8,117182.7,120291.0,-1.0,0.1369,-1.1369,SL
117245,117279,2025-07-27 13:05:00+00:00,118121.0,117855.53,118651.95,2.0,0.5339,1.4661,TP
117524,117537,2025-07-28 12:20:00+00:00,119092.0,118317.26,120641.47,-1.0,0.1845,-1.1845,SL
117757,117784,2025-07-29 07:45:00+00:00,119102.1,118626.06,120054.19,-1.0,0.3002,-1.3002,SL
119478,119596,2025-08-04 07:10:00+00:00,114500.0,113987.1,115525.8,2.0,0.2679,1.7321,TP
120105,120130,2025-08-06 11:25:00+00:00,114214.5,113736.15,115171.2,-1.0,0.2865,-1.2865,SL
120132,120183,2025-08-06 13:40:00+00:00,114133.1,113408.48,115582.34,2.0,0.189,1.811,TP
120325,120351,2025-08-07 05:45:00+00:00,114513.1,114323.46,114892.38,2.0,0.7246,1.2754,TP
120631,120646,2025-08-08 07:15:00+00:00,116790.0,116421.66,117526.68,-1.0,0.3805,-1.3805,SL
120677,120725,2025-08-08 11:05:00+00:00,116746.1,116147.94,117942.43,-1.0,0.2342,-1.2342,SL
121147,121152,2025-08-10 02:15:00+00:00,116663.7,116425.36,117140.38,2.0,0.5874,1.4126,TP
121154,121160,2025-08-10 02:50:00+00:00,117158.0,116425.36,118623.28,2.0,0.1919,1.8081,TP
121204,121210,2025-08-10 07:00:00+00:00,118207.7,117682.2,119258.7,-1.0,0.2699,-1.2699,SL
121225,121431,2025-08-10 08:45:00+00:00,118250.0,117313.57,120122.86,2.0,0.1515,1.8485,TP
121631,121641,2025-08-11 18:35:00+00:00,119852.0,119287.49,120981.01,-1.0,0.2548,-1.2548,SL
121687,121689,2025-08-11 23:15:00+00:00,118797.3,118582.9,119226.1,-1.0,0.6649,-1.6649,SL
122017,122052,2025-08-13 02:45:00+00:00,119658.0,119084.3,120805.41,-1.0,0.2503,-1.2503,SL
122079,122105,2025-08-13 07:55:00+00:00,119555.9,119143.04,120381.62,2.0,0.3475,1.6525,TP
125068,125321,2025-08-23 17:00:00+00:00,115083.1,114390.2,116468.91,-1.0,0.1993,-1.1993,SL
126065,126101,2025-08-27 04:05:00+00:00,111642.0,110955.53,113014.93,-1.0,0.1952,-1.1952,SL
126139,126189,2025-08-27 10:15:00+00:00,111139.7,110419.27,112580.56,2.0,0.1851,1.8149,TP
126196,126259,2025-08-27 15:00:00+00:00,111650.1,110840.45,113269.4,-1.0,0.1655,-1.1655,SL
126322,126361,2025-08-28 01:30:00+00:00,111510.0,110810.48,112909.04,2.0,0.1913,1.8087,TP
127161,127176,2025-08-30 23:25:00+00:00,108662.5,108379.01,109229.48,2.0,0.46,1.54,TP
127253,127287,2025-08-31 07:05:00+00:00,108748.6,108364.13,109517.55,-1.0,0.3394,-1.3394,SL
127907,128036,2025-09-02 13:35:00+00:00,109999.0,109130.36,111736.28,2.0,0.152,1.848,TP
128123,128206,2025-09-03 07:35:00+00:00,110885.5,110366.32,111923.85,2.0,0.2563,1.7437,TP
128910,129085,2025-09-06 01:10:00+00:00,110795.5,110394.89,111596.71,-1.0,0.3319,-1.3319,SL
129506,129583,2025-09-08 02:50:00+00:00,111061.0,110589.8,112003.4,2.0,0.2828,1.7172,TP
130289,130603,2025-09-10 20:05:00+00:00,113641.7,113041.25,114842.61,2.0,0.2271,1.7729,TP
130820,130845,2025-09-12 16:20:00+00:00,115275.7,114754.13,116318.84,2.0,0.2652,1.7348,TP
130891,130933,2025-09-12 22:15:00+00:00,116132.2,115658.13,117080.35,-1.0,0.294,-1.294,SL
131064,131077,2025-09-13 12:40:00+00:00,115980.8,115691.89,116558.62,-1.0,0.4817,-1.4817,SL
131396,131488,2025-09-14 16:20:00+00:00,115381.0,115020.16,116102.67,-1.0,0.3837,-1.3837,SL
131931,131938,2025-09-16 12:55:00+00:00,115385.7,115100.68,115955.73,-1.0,0.4858,-1.4858,SL
132214,132215,2025-09-17 12:30:00+00:00,116447.8,116071.81,117199.78,-1.0,0.3717,-1.3717,SL
132276,132282,2025-09-17 17:40:00+00:00,115975.4,115201.88,117522.43,-1.0,0.1799,-1.1799,SL
132647,132665,2025-09-19 00:35:00+00:00,117291.3,116996.59,117880.73,-1.0,0.4776,-1.4776,SL
133248,133329,2025-09-21 02:40:00+00:00,115564.4,115306.28,116080.64,-1.0,0.5373,-1.5373,SL
133335,133410,2025-09-21 09:55:00+00:00,115635.3,115404.38,116097.14,-1.0,0.6009,-1.6009,SL
135312,135420,2025-09-28 06:40:00+00:00,109391.1,109131.86,109909.58,2.0,0.5064,1.4936,TP
136026,136197,2025-09-30 18:10:00+00:00,113469.9,112648.44,115112.82,2.0,0.1658,1.8342,TP
136661,136693,2025-10-02 23:05:00+00:00,120370.9,119912.97,121286.77,-1.0,0.3154,-1.3154,SL
136708,136741,2025-10-03 03:00:00+00:00,120293.3,119671.51,121536.88,-1.0,0.2322,-1.2322,SL
136775,136847,2025-10-03 08:35:00+00:00,119774.9,119331.25,120662.2,2.0,0.324,1.676,TP
136939,136977,2025-10-03 22:15:00+00:00,122440.3,121812.07,123696.77,-1.0,0.2339,-1.2339,SL
137001,137186,2025-10-04 03:25:00+00:00,121994.5,121510.37,122962.76,-1.0,0.3024,-1.3024,SL
137441,137449,2025-10-05 16:05:00+00:00,123062.4,122593.68,123999.83,-1.0,0.3151,-1.3151,SL
137451,137743,2025-10-05 16:55:00+00:00,123212.6,121981.9,125674.01,2.0,0.1201,1.8799,TP
137879,137899,2025-10-07 04:35:00+00:00,124538.2,124035.84,125542.92,-1.0,0.2975,-1.2975,SL
137975,137987,2025-10-07 12:35:00+00:00,124501.3,123995.88,125512.14,-1.0,0.2956,-1.2956,SL
138392,138400,2025-10-08 23:20:00+00:00,123382.0,123054.52,124036.96,-1.0,0.4521,-1.4521,SL
138526,138576,2025-10-09 10:30:00+00:00,121962.6,120958.92,123969.96,-1.0,0.1458,-1.1458,SL
139185,139205,2025-10-11 17:25:00+00:00,112071.3,111597.99,113017.92,-1.0,0.2841,-1.2841,SL
142311,142315,2025-10-22 13:55:00+00:00,108734.5,107458.83,111285.83,-1.0,0.1023,-1.1023,SL
142990,143407,2025-10-24 22:30:00+00:00,111082.1,110471.62,112303.06,2.0,0.2183,1.7817,TP
143557,143559,2025-10-26 21:45:00+00:00,113514.9,112808.88,114926.94,2.0,0.1929,1.8071,TP
148013,148056,2025-11-11 09:05:00+00:00,105350.0,104648.05,106753.91,-1.0,0.1801,-1.1801,SL
151209,151378,2025-11-22 11:25:00+00:00,84190.6,83459.76,85652.29,2.0,0.1382,1.8618,TP
151843,152442,2025-11-24 16:15:00+00:00,87122.0,85527.79,90310.43,2.0,0.0656,1.9344,TP
153230,153305,2025-11-29 11:50:00+00:00,90618.2,90235.47,91383.65,-1.0,0.2841,-1.2841,SL
153317,153535,2025-11-29 19:05:00+00:00,90735.0,90222.49,91760.03,2.0,0.2124,1.7876,TP
155399,155551,2025-12-07 00:35:00+00:00,89478.9,88785.53,90865.65,-1.0,0.1549,-1.1549,SL
155895,156030,2025-12-08 17:55:00+00:00,90209.5,89531.38,91565.74,-1.0,0.1596,-1.1596,SL
156374,156380,2025-12-10 09:50:00+00:00,92860.0,92393.31,93793.37,-1.0,0.2388,-1.2388,SL
159120,159585,2025-12-19 22:40:00+00:00,88346.6,87711.0,89617.8,-1.0,0.1668,-1.1668,SL
160027,160031,2025-12-23 02:15:00+00:00,88657.2,88272.74,89426.12,-1.0,0.2767,-1.2767,SL
161709,161715,2025-12-28 22:25:00+00:00,87586.3,87394.42,87970.06,2.0,0.5478,1.4522,TP
163146,163255,2026-01-02 22:10:00+00:00,90062.5,89586.62,91014.25,-1.0,0.2271,-1.2271,SL
163830,163920,2026-01-05 07:10:00+00:00,92579.1,92151.66,93433.99,2.0,0.2599,1.7401,TP
163957,163988,2026-01-05 17:45:00+00:00,93807.5,93416.39,94589.72,2.0,0.2878,1.7122,TP
164110,164118,2026-01-06 06:30:00+00:00,93832.6,93506.4,94485.0,-1.0,0.3452,-1.3452,SL
165173,165747,2026-01-09 23:05:00+00:00,90632.5,90228.58,91440.34,-1.0,0.2693,-1.2693,SL
166419,166477,2026-01-14 06:55:00+00:00,94990.0,94755.15,95459.7,-1.0,0.4854,-1.4854,SL
166482,166511,2026-01-14 12:10:00+00:00,94999.0,94540.66,95915.67,2.0,0.2487,1.7513,TP
166778,166797,2026-01-15 12:50:00+00:00,96893.0,96496.91,97685.19,-1.0,0.2935,-1.2935,SL
167449,167465,2026-01-17 20:45:00+00:00,95339.0,95123.98,95769.04,-1.0,0.5321,-1.5321,SL
167491,167500,2026-01-18 00:15:00+00:00,95184.0,94956.55,95638.9,-1.0,0.5022,-1.5022,SL
167527,167767,2026-01-18 03:15:00+00:00,95037.3,94730.18,95651.55,-1.0,0.3713,-1.3713,SL
169062,169102,2026-01-23 11:10:00+00:00,89163.6,88717.99,90054.81,-1.0,0.2401,-1.2401,SL
169117,169606,2026-01-23 15:45:00+00:00,89801.5,88411.5,92581.5,-1.0,0.0775,-1.0775,SL
170169,170180,2026-01-27 07:25:00+00:00,88484.7,88196.71,89060.67,-1.0,0.3687,-1.3687,SL
170273,170290,2026-01-27 16:05:00+00:00,88422.8,87529.68,90209.03,-1.0,0.1188,-1.1188,SL
170710,170773,2026-01-29 04:30:00+00:00,88178.9,87825.09,88886.53,-1.0,0.2991,-1.2991,SL
173393,173637,2026-02-07 12:05:00+00:00,68751.5,67754.78,70744.95,2.0,0.0828,1.9172,TP
173866,173925,2026-02-09 03:30:00+00:00,70939.3,69959.97,72897.96,-1.0,0.0869,-1.0869,SL
177584,177730,2026-02-22 01:20:00+00:00,68063.4,67770.56,68649.08,-1.0,0.2789,-1.2789,SL
177755,177777,2026-02-22 15:35:00+00:00,67770.4,67194.94,68921.32,-1.0,0.1413,-1.1413,SL
179682,179689,2026-03-01 08:10:00+00:00,67250.0,66803.73,68142.54,-1.0,0.1808,-1.1808,SL
179750,179784,2026-03-01 13:50:00+00:00,67118.1,66003.13,69348.04,-1.0,0.0722,-1.0722,SL
182423,182435,2026-03-10 20:35:00+00:00,70250.0,69580.85,71588.3,-1.0,0.126,-1.126,SL
182517,182531,2026-03-11 04:25:00+00:00,69945.8,69379.15,71079.1,-1.0,0.1481,-1.1481,SL
182875,182926,2026-03-12 10:15:00+00:00,70000.0,69576.45,70847.09,-1.0,0.1983,-1.1983,SL
183349,183407,2026-03-14 01:45:00+00:00,70840.0,70350.78,71818.44,-1.0,0.1738,-1.1738,SL
183831,183889,2026-03-15 17:55:00+00:00,71782.1,71160.57,73025.16,2.0,0.1386,1.8614,TP
184370,184617,2026-03-17 14:50:00+00:00,74249.2,73396.13,75955.34,-1.0,0.1044,-1.1044,SL
185378,185526,2026-03-21 02:50:00+00:00,70741.5,70439.49,71345.52,-1.0,0.2811,-1.2811,SL
185589,185605,2026-03-21 20:25:00+00:00,70413.5,70239.59,70761.32,-1.0,0.4859,-1.4859,SL
186206,186227,2026-03-23 23:50:00+00:00,70827.6,70282.25,71918.31,-1.0,0.1558,-1.1558,SL
186750,186844,2026-03-25 21:10:00+00:00,71134.9,70529.4,72345.9,-1.0,0.141,-1.141,SL
187507,187543,2026-03-28 12:15:00+00:00,66459.4,66109.52,67159.15,2.0,0.2279,1.7721,TP
187545,187636,2026-03-28 15:25:00+00:00,66993.6,66544.89,67891.02,-1.0,0.1792,-1.1792,SL
187660,187686,2026-03-29 01:00:00+00:00,66493.5,66183.75,67113.0,2.0,0.2576,1.7424,TP
188231,188239,2026-03-31 00:35:00+00:00,66896.7,66463.47,67763.16,2.0,0.1853,1.8147,TP
188375,188402,2026-03-31 12:35:00+00:00,66874.6,66413.82,67796.16,-1.0,0.1742,-1.1742,SL
189776,189849,2026-04-05 09:20:00+00:00,66979.1,66628.3,67680.69,2.0,0.2291,1.7709,TP
190001,190061,2026-04-06 04:05:00+00:00,69008.0,68664.87,69694.27,2.0,0.2413,1.7587,TP
190133,190225,2026-04-06 15:05:00+00:00,69636.2,69050.88,70806.84,-1.0,0.1428,-1.1428,SL
190845,191001,2026-04-09 02:25:00+00:00,70983.0,70434.0,72081.01,2.0,0.1552,1.8448,TP
191575,191613,2026-04-11 15:15:00+00:00,72766.8,72495.33,73309.74,2.0,0.3217,1.6783,TP
192521,192525,2026-04-14 22:05:00+00:00,74258.8,73800.73,75174.95,-1.0,0.1945,-1.1945,SL
192544,192630,2026-04-15 00:00:00+00:00,74500.1,73680.75,76138.81,-1.0,0.1091,-1.1091,SL
192976,192997,2026-04-16 12:00:00+00:00,74690.8,74157.77,75756.86,-1.0,0.1681,-1.1681,SL
193588,193602,2026-04-18 15:00:00+00:00,76272.5,75767.66,77282.19,-1.0,0.1813,-1.1813,SL
194281,194295,2026-04-21 00:45:00+00:00,75952.6,75713.91,76429.98,-1.0,0.3818,-1.3818,SL
194350,194376,2026-04-21 06:30:00+00:00,76013.4,75596.43,76847.34,2.0,0.2188,1.7812,TP
194500,194506,2026-04-21 19:00:00+00:00,75698.6,75183.64,76728.52,-1.0,0.1764,-1.1764,SL
194548,194585,2026-04-21 23:00:00+00:00,75714.1,75264.86,76612.58,2.0,0.2022,1.7978,TP
194992,195013,2026-04-23 12:00:00+00:00,77718.6,77391.43,78372.94,-1.0,0.2851,-1.2851,SL
195027,195058,2026-04-23 14:55:00+00:00,78143.3,77367.46,79694.99,-1.0,0.1209,-1.1209,SL
195809,195864,2026-04-26 08:05:00+00:00,78038.2,77773.15,78568.3,-1.0,0.3533,-1.3533,SL
195992,195993,2026-04-26 23:20:00+00:00,78366.0,78057.66,78982.67,-1.0,0.305,-1.305,SL
196110,196179,2026-04-27 09:10:00+00:00,77812.6,77426.1,78585.61,-1.0,0.2416,-1.2416,SL
197512,197698,2026-05-02 06:00:00+00:00,78219.9,77983.54,78692.62,2.0,0.3971,1.6029,TP
197810,197873,2026-05-03 06:50:00+00:00,78282.2,77994.03,78858.54,2.0,0.326,1.674,TP
198832,198867,2026-05-06 20:00:00+00:00,81577.2,81127.09,82477.42,-1.0,0.2175,-1.2175,SL
198878,198886,2026-05-06 23:50:00+00:00,81395.3,81061.06,82063.78,-1.0,0.2922,-1.2922,SL
198940,199004,2026-05-07 05:00:00+00:00,81060.5,80646.47,81888.55,-1.0,0.2349,-1.2349,SL
199395,199676,2026-05-08 18:55:00+00:00,80048.9,79610.01,80926.68,2.0,0.2189,1.7811,TP
200149,200205,2026-05-11 09:45:00+00:00,80935.0,80499.62,81805.76,-1.0,0.2231,-1.2231,SL
200217,200486,2026-05-11 15:25:00+00:00,81300.6,80459.36,82983.08,-1.0,0.116,-1.116,SL
201314,201339,2026-05-15 10:50:00+00:00,80699.0,80256.76,81583.47,-1.0,0.219,-1.219,SL
201497,201525,2026-05-16 02:05:00+00:00,79129.5,78940.78,79506.94,-1.0,0.5032,-1.5032,SL
203119,203368,2026-05-21 17:15:00+00:00,77736.2,77015.91,79176.79,-1.0,0.1295,-1.1295,SL
204477,204537,2026-05-26 10:25:00+00:00,77199.8,76459.66,78680.07,-1.0,0.1252,-1.1252,SL
209169,209795,2026-06-11 17:25:00+00:00,62981.9,62262.68,64420.35,2.0,0.1051,1.8949,TP
